{
    "battery": {
        "b_0": -0.12221364149942815,
        "b_1": -0.29571018085185585,
        "b_2": -0.2640519752219177,
        "b_3": 0.002653217579251077,
        "b_4": -0.2255298439754938,
        "b_5": -0.0,
        "b_6": 0.0804122033585628,
        "b_7": -0.17374942388013892,
        "b_8": -0.0121614011929978,
        "b_9": -0.12704823570315682,
        "b_10": -0.13983733927717878,
        "b_11": -0.3603177962584567,
        "b_12": -0.26729800704663376,
        "b_13": -0.0,
        "b_14": -0.0,
        "b_15": -0.0,
        "b_16": -0.0,
        "b_17": 0.06872482841605176,
        "b_18": -0.13403094519610192,
        "b_19": -0.0006938832199523404,
        "b_20": -0.4062815575997263,
        "b_21": -0.3175095288424643,
        "b_22": 0.018331080678166245,
        "b_23": -0.22853999423597315,
        "b_24": -0.0,
        "b_25": 0.08399805634292079,
        "b_26": -0.14440078637989018,
        "b_27": -0.026460051734872536,
        "b_28": -0.2856400106582555,
        "b_29": -0.13503853482404793,
        "b_30": -0.2866872237516702,
        "b_31": 0.031000114307033755,
        "b_32": -0.15244760103517763,
        "b_33": -0.16633341916222832,
        "b_34": -0.03880208465274393,
        "b_35": -0.30043073660490904,
        "b_36": -0.13040138737704865,
        "b_37": -0.06034994999157561,
        "b_38": -0.31027634405766946,
        "b_39": -0.1830071286495638,
        "b_40": 0.010744079201543855,
        "b_41": -0.1331057259781403,
        "b_42": -0.2630333360410333,
        "b_43": -0.29783119438336314,
        "b_44": 0.02322988091067657,
        "b_45": -0.1416495133615001,
        "b_46": -0.20412513977186109,
        "b_47": 0.11104803765337579,
        "b_48": -0.22518550482112687,
        "b_49": -0.15048659413507437,
        "b_50": -0.1321560810819733,
        "b_51": -0.274279630460299,
        "b_52": -0.006375579351228566,
        "b_53": -0.21151661015029788,
        "b_54": 0.0749922444969684,
        "b_55": -0.1735963798575284,
        "b_56": 0.003034521882170793,
        "b_57": -0.38828291493737765,
        "b_58": -0.1993965989705231,
        "b_59": 0.08375514998587619,
        "b_60": -0.40050602259958623,
        "b_61": -0.0,
        "b_62": -0.0,
        "b_63": 0.10373986304055904,
        "b_64": -0.588274396676411,
        "b_65": 0.376442358306889,
        "b_66": -0.2310557024933928,
        "b_67": -0.1353169932659597,
        "b_68": -0.015310376426754146,
        "b_69": 0.08572794683063023,
        "b_70": -0.5959526993155606,
        "b_71": 0.1380588457794687,
        "b_72": -0.24377235929016194,
        "b_73": 0.025416107142945066,
        "b_74": -0.2980914250889981,
        "b_75": -0.15008377277322893,
        "b_76": -0.17644992997286124,
        "b_77": 0.7049225342028365,
        "b_78": -0.6073346478476225,
        "b_79": -0.17876715809175892,
        "b_80": -0.30331444149989295,
        "b_81": 0.013202798521660952,
        "b_82": -0.16727030217866456,
        "b_83": -0.13187381862383063,
        "b_84": -0.12625396525086785,
        "b_85": -0.24590684781848893,
        "b_86": -0.22127179073865477,
        "b_87": -0.18713894142123877,
        "b_88": -0.02781950560479629,
        "b_89": -0.5493598425173474,
        "b_90": 0.2290884609877395,
        "b_91": -0.3293133312495655,
        "b_92": 0.10726550651952493,
        "b_93": -0.2018693589193532,
        "b_94": -0.016197270739283454,
        "b_95": -0.15901376481883744
    },
    "time": {
        "t_0": "20:45:00",
        "t_1": "20:50:00",
        "t_2": "20:55:00",
        "t_3": "21:00:00",
        "t_4": "21:05:00",
        "t_5": "21:10:00",
        "t_6": "21:15:00",
        "t_7": "21:20:00",
        "t_8": "21:25:00",
        "t_9": "21:30:00",
        "t_10": "21:35:00",
        "t_11": "21:40:00",
        "t_12": "21:45:00",
        "t_13": "21:50:00",
        "t_14": "21:55:00",
        "t_15": "22:00:00",
        "t_16": "22:05:00",
        "t_17": "22:10:00",
        "t_18": "22:15:00",
        "t_19": "22:20:00",
        "t_20": "22:25:00",
        "t_21": "22:30:00",
        "t_22": "22:35:00",
        "t_23": "22:40:00",
        "t_24": "22:45:00",
        "t_25": "22:50:00",
        "t_26": "22:55:00",
        "t_27": "23:00:00",
        "t_28": "23:05:00",
        "t_29": "23:10:00",
        "t_30": "23:15:00",
        "t_31": "23:20:00",
        "t_32": "23:25:00",
        "t_33": "23:30:00",
        "t_34": "23:35:00",
        "t_35": "23:40:00",
        "t_36": "23:45:00",
        "t_37": "23:50:00",
        "t_38": "23:55:00",
        "t_39": "00:00:00",
        "t_40": "00:05:00",
        "t_41": "00:10:00",
        "t_42": "00:15:00",
        "t_43": "00:20:00",
        "t_44": "00:25:00",
        "t_45": "00:30:00",
        "t_46": "00:35:00",
        "t_47": "00:40:00",
        "t_48": "00:45:00",
        "t_49": "00:50:00",
        "t_50": "00:55:00",
        "t_51": "01:00:00",
        "t_52": "01:05:00",
        "t_53": "01:10:00",
        "t_54": "01:15:00",
        "t_55": "01:20:00",
        "t_56": "01:25:00",
        "t_57": "01:30:00",
        "t_58": "01:35:00",
        "t_59": "01:40:00",
        "t_60": "01:45:00",
        "t_61": "01:50:00",
        "t_62": "01:55:00",
        "t_63": "02:00:00",
        "t_64": "02:05:00",
        "t_65": "02:10:00",
        "t_66": "02:15:00",
        "t_67": "02:20:00",
        "t_68": "02:25:00",
        "t_69": "02:30:00",
        "t_70": "02:35:00",
        "t_71": "02:40:00",
        "t_72": "02:45:00",
        "t_73": "02:50:00",
        "t_74": "02:55:00",
        "t_75": "03:00:00",
        "t_76": "03:05:00",
        "t_77": "03:10:00",
        "t_78": "03:15:00",
        "t_79": "03:20:00",
        "t_80": "03:25:00",
        "t_81": "03:30:00",
        "t_82": "03:35:00",
        "t_83": "03:40:00",
        "t_84": "03:45:00",
        "t_85": "03:50:00",
        "t_86": "03:55:00",
        "t_87": "04:00:00",
        "t_88": "04:05:00",
        "t_89": "04:10:00",
        "t_90": "04:15:00",
        "t_91": "04:20:00",
        "t_92": "04:25:00",
        "t_93": "04:30:00",
        "t_94": "04:35:00",
        "t_95": "04:40:00"
    },
    "solar": {
        "s_0": 0.0,
        "s_1": 0.0,
        "s_2": 0.0,
        "s_3": 0.0,
        "s_4": 0.0,
        "s_5": 0.0,
        "s_6": 0.0,
        "s_7": 0.12293432969443906,
        "s_8": 0.16189745637408387,
        "s_9": 0.0851639966794024,
        "s_10": 0.032760894812194234,
        "s_11": 0.01218142940905492,
        "s_12": 0.009458433610299367,
        "s_13": 0.010251544274176684,
        "s_14": 0.016342771217795763,
        "s_15": 0.010491449348096834,
        "s_16": 0.013320259993219664,
        "s_17": 0.024790483876269916,
        "s_18": 0.10690896171641392,
        "s_19": 0.45279089668128175,
        "s_20": 0.0,
        "s_21": 0.0,
        "s_22": 0.0,
        "s_23": 0.0
    },
    "daily": {
        "d_0": 0.009995895137557387,
        "d_1": -0.021662310492352788,
        "d_2": 0.01983504180029927,
        "d_3": 0.07571408878178065,
        "d_4": -0.03516926884300853,
        "d_5": -0.028519603412840766,
        "d_6": 0.02721073144872621,
        "d_7": 0.02644711547870271,
        "d_8": -0.015808907153982865,
        "d_9": 0.03983733927717292,
        "d_10": 0.07110428654219891,
        "d_11": -0.03860177753556204,
        "d_12": 0.004066757496550721,
        "d_13": -0.04665726486680466,
        "d_14": 0.02632498585012044,
        "d_15": -0.03878881211140861,
        "d_16": 0.018892456346060627,
        "d_17": -0.27722823544553465,
        "d_18": 1.0173605498866212,
        "d_19": -0.6080041566859884,
        "d_20": -0.1110618997289512,
        "d_21": 0.024463193508064585,
        "d_22": 0.040231986456645163,
        "d_23": 0.022056465556512972,
        "d_24": -0.04968753276336635,
        "d_25": 0.019261816551190414,
        "d_26": 0.04074576602059388,
        "d_27": -7.427505603896378e-05,