{"batteryFore":87.89566146151951,"batteryMin":12.10433853848049}